{
  "43": [
    [
      177.47729361407303,
      -91.87212405214386,
      -30.0
    ]
  ],
  "44": [
    [
      190.41288007059677,
      -121.65959054456326,
      -30.0
    ]
  ],
  "45": [
    [
      208.05426500425295,
      -133.8926272595325,
      -30.0
    ],
    [
      161.57463729984752,
      57.20228852099481,
      -30.0
    ]
  ],
  "46": [
    [
      202.48369740305725,
      -119.34019197111019,
      -30.0
    ],
    [
      163.9315315239124,
      51.91051082024386,
      -30.0
    ]
  ],
  "47": [
    [
      205.455278261995,
      -130.74661530015902,
      -30.0
    ],
    [
      164.94676949015252,
      59.9613316175271,
      -30.0
    ]
  ],
  "48": [
    [
      231.13084939862597,
      -155.89866737262622,
      -30.0
    ],
    [
      173.07855246319835,
      64.5115509971204,
      -30.0
    ]
  ],
  "49": [
    [
      238.31860521117488,
      -164.73929098119734,
      -30.0
    ]
  ],
  "50": [
    [
      232.5019755523228,
      -151.00115970926421,
      -30.0
    ],
    [
      176.56560059598743,
      63.74734042003959,
      -30.0
    ]
  ],
  "51": [
    [
      235.21024791545722,
      -145.97149944170795,
      -30.0
    ],
    [
      179.45328171962404,
      62.601264277447086,
      -30.0
    ]
  ],
  "52": [
    [
      241.56384067223283,
      -162.17041561060972,
      -30.0
    ],
    [
      178.99599929918767,
      66.90376439857219,
      -30.0
    ]
  ],
  "53": [
    [
      175.21583996051592,
      69.16530650070003,
      -30.0
    ]
  ],
  "54": [
    [
      250.71796146496789,
      -158.93420298321678,
      -30.0
    ],
    [
      186.29594113317864,
      68.57716835921156,
      -30.0
    ]
  ],
  "55": [
    [
      268.16490293219186,
      -174.29771505672642,
      -30.0
    ],
    [
      191.48716984372683,
      71.46756510415128,
      -30.0
    ]
  ],
  "56": [
    [
      207.40821415273982,
      70.70153864103202,
      -30.0
    ]
  ],
  "57": [
    [
      262.72155236487987,
      -141.2730512448603,
      -30.0
    ],
    [
      198.97504156530056,
      65.36952541047236,
      -30.0
    ]
  ],
  "58": [
    [
      284.97212352140076,
      -145.97489919607398,
      -30.0
    ],
    [
      210.3361283580752,
      66.55770283799832,
      -30.0
    ]
  ],
  "60": [
    [
      312.0412712857635,
      -196.37164306129537,
      -30.0
    ],
    [
      205.9420096838457,
      72.27465099627523,
      -30.0
    ]
  ]
}